name,industry,city,state,phone,email,website
Bright Smile Dental, dentist, Los Angeles, CA, (310) 555-0101, info@brightsmiledental.com, brightsmiledental.com
West LA Dental Group, dentist, Los Angeles, CA, (310) 555-0202, contact@westladental.com, westladental.com
Santa Monica Dental, dentist, Los Angeles, CA, (310) 555-0303, hello@santamonicadental.com, santamonicadental.com
Downtown Dental LA, dentist, Los Angeles, CA, (213) 555-0404, appointments@downtowndental.com, downtowndentalla.com
Beverly Hills Dental, dentist, Los Angeles, CA, (424) 555-0505, info@bhdental.com, bhdental.com
Chicago Family Dental, dentist, Chicago, IL, (312) 555-0606, welcome@chicagofamilydental.com, chicagofamilydental.com
Loop Dental Chicago, dentist, Chicago, IL, (312) 555-0707, info@loopdental.com, loopdentalchicago.com
Lincoln Park Dental, dentist, Chicago, IL, (773) 555-0808, hello@lincolnparkdental.com, lincolnparkdental.com
Windy City Smiles, dentist, Chicago, IL, (312) 555-0909, smiles@windycitysmiles.com, windycitysmiles.com
Houston Dental Care, dentist, Houston, TX, (713) 555-1010, info@houstondentalcare.com, houstondentalcare.com
Memorial Dental Houston, dentist, Houston, TX, (281) 555-1111, contact@memorialdental.com, memorialdentalhouston.com
Houston Smile Center, dentist, Houston, TX, (832) 555-1212, hello@houstonsmile.com, houstonsmilecenter.com
Miami Beach Dental, dentist, Miami, FL, (305) 555-1313, info@miamibeachdental.com, miamibeachdental.com
Brickell Dental Group, dentist, Miami, FL, (305) 555-1414, appointments@brickelldental.com, brickelldentalgroup.com
Coral Gables Dentistry, dentist, Miami, FL, (305) 555-1515, welcome@coralgablesdental.com, coralgablesdentistry.com
Atlanta Dental Spa, dentist, Atlanta, GA, (404) 555-1616, info@atlantadentalspa.com, atlantadentalspa.com
Buckhead Dental Care, dentist, Atlanta, GA, (404) 555-1717, hello@buckheaddental.com, buckheaddentalcare.com
Seattle Dental Excellence, dentist, Seattle, WA, (206) 555-1818, info@seattledentalexcellence.com, seattledentalexcellence.com
Capitol Hill Dental, dentist, Seattle, WA, (206) 555-1919, welcome@capitolhilldental.com, capitolhilldental.com
Bellevue Dental Arts, dentist, Seattle, WA, (425) 555-2020, dental@bellevuearts.com, bellevuedentalarts.com
Cool Air HVAC Services, HVAC, Los Angeles, CA, (310) 555-2121, service@coolairhvac.com, coolairhvacservices.com
LA Climate Control, HVAC, Los Angeles, CA, (818) 555-2222, info@laclimates.com, laclimatecontrol.com
Burbank Heating & Cooling, HVAC, Los Angeles, CA, (818) 555-2323, help@burbankhvac.com, burbankheatingcooling.com
Chicago Climate Systems, HVAC, Chicago, IL, (312) 555-2424, service@chicagoclimate.com, chiclimate.com
Windy City HVAC, HVAC, Chicago, IL, (773) 555-2525, info@windycityhvac.com, windycityhvac.net
North Side Heating, HVAC, Chicago, IL, (847) 555-2626, repair@northsideheating.com, northsideheating.com
Houston Air Masters, HVAC, Houston, TX, (713) 555-2727, service@houstonairmasters.com, houstonairmasters.com
Texas Cool HVAC, HVAC, Houston, TX, (281) 555-2828, info@texascool.com, texascoldhvac.com
Pearland Heating & Air, HVAC, Houston, TX, (832) 555-2929, support@pearlandhvac.com, pearlandheatingair.com
Miami Air Solutions, HVAC, Miami, FL, (305) 555-3030, service@miamiairsolutions.com, miamiairsolutions.com
Tropical HVAC Services, HVAC, Miami, FL, (305) 555-3131, info@tropicalhvac.com, tropicalhvacservices.com
AC Doctors Miami, HVAC, Miami, FL, (786) 555-3232, repairs@acdoctorsmiami.com, acdoctorsmiami.com
Atlanta Climate Control, HVAC, Atlanta, GA, (404) 555-3333, service@atlantaclimate.com, atlantaclimatecontrol.com
Peachtree HVAC, HVAC, Atlanta, GA, (404) 555-3434, info@peachtreehvac.com, peachtreehvacservices.com
North Atlanta Heating, HVAC, Atlanta, GA, (678) 555-3535, support@northatlantahvac.com, northatlantahvacservices.com
Seattle Heating & Cooling, HVAC, Seattle, WA, (206) 555-3636, service@seattleheating.com, seattleheatingcooling.com
Puget Sound HVAC, HVAC, Seattle, WA, (206) 555-3737, info@pugetsoundhvac.com, pugetsoundhvac.com
Eastside Climate Systems, HVAC, Seattle, WA, (425) 555-3838, hello@eastsideclimate.com, eastsideclimatesystems.com